repo_name,easy_file,hard_file
mph-/lcapy,lcapy/statespace.py,lcapy/expr.py
mozman/ezdxf,src/ezdxf/audit.py,src/ezdxf/commands.py
mozman/ezdxf,src/ezdxf/path/path.py,src/ezdxf/commands.py
mozman/ezdxf,src/ezdxf/audit.py,src/ezdxf/tools/text.py
mozman/ezdxf,src/ezdxf/path/path.py,src/ezdxf/tools/text.py
mozman/ezdxf,src/ezdxf/entities/xdict.py,src/ezdxf/entities/xdata.py
mozman/ezdxf,src/ezdxf/entities/attrib.py,src/ezdxf/entities/xdata.py
mozman/ezdxf,src/ezdxf/entities/dimension.py,src/ezdxf/entities/xdata.py
mozman/ezdxf,src/ezdxf/version.py,src/ezdxf/entities/xdata.py
mozman/ezdxf,src/ezdxf/version.py,src/ezdxf/sections/table.py
mozman/ezdxf,src/ezdxf/entities/dimension.py,src/ezdxf/sections/table.py
mozman/ezdxf,src/ezdxf/entities/xdict.py,src/ezdxf/sections/table.py
mozman/ezdxf,src/ezdxf/entities/attrib.py,src/ezdxf/sections/table.py
mozman/ezdxf,src/ezdxf/version.py,src/ezdxf/sections/blocks.py
mozman/ezdxf,src/ezdxf/entities/dimension.py,src/ezdxf/sections/blocks.py
mozman/ezdxf,src/ezdxf/entities/attrib.py,src/ezdxf/sections/blocks.py
mozman/ezdxf,src/ezdxf/entities/xdict.py,src/ezdxf/sections/blocks.py
mozman/ezdxf,src/ezdxf/entities/attrib.py,src/ezdxf/sections/entities.py
mozman/ezdxf,src/ezdxf/version.py,src/ezdxf/sections/entities.py
mozman/ezdxf,src/ezdxf/entities/xdict.py,src/ezdxf/sections/entities.py
mozman/ezdxf,src/ezdxf/entities/dimension.py,src/ezdxf/sections/entities.py
mozman/ezdxf,src/ezdxf/path/path.py,src/ezdxf/render/abstract_mtext_renderer.py
mozman/ezdxf,src/ezdxf/audit.py,src/ezdxf/render/abstract_mtext_renderer.py
pictuga/morss,morss/crawler.py,morss/morss.py
ranger/ranger,ranger/ext/rifle.py,ranger/config/commands.py
Erotemic/ubelt,ubelt/__init__.py,ubelt/util_dict.py
boriel/zxbasic,src/symbols/type_.py,src/api/check.py
boriel/zxbasic,src/symbols/symbol_.py,src/api/check.py
boriel/zxbasic,src/ast/ast.py,src/api/check.py
boriel/zxbasic,src/ast/tree.py,src/api/check.py
boriel/zxbasic,src/api/decorator.py,src/api/check.py
boriel/zxbasic,src/symbols/symbol_.py,src/api/errmsg.py
boriel/zxbasic,src/symbols/type_.py,src/api/errmsg.py
boriel/zxbasic,src/ast/ast.py,src/api/errmsg.py
boriel/zxbasic,src/api/decorator.py,src/api/errmsg.py
boriel/zxbasic,src/ast/tree.py,src/api/errmsg.py
boriel/zxbasic,src/arch/z80/translator.py,src/zxbc/zxbparser.py
boriel/zxbasic,src/zxbasm/asm.py,src/zxbc/zxbparser.py
boriel/zxbasic,src/arch/z80/backend/__8bit.py,src/zxbc/zxbparser.py
boriel/zxbasic,src/zxbasm/version.py,src/zxbc/zxbparser.py
boriel/zxbasic,src/zxbasm/asmlex.py,src/zxbc/zxbparser.py
boriel/zxbasic,src/arch/z80/peephole/engine.py,src/zxbc/zxbparser.py
boriel/zxbasic,src/zxbasm/label.py,src/zxbc/zxbparser.py
boriel/zxbasic,src/arch/z80/backend/__16bit.py,src/zxbc/zxbparser.py
boriel/zxbasic,src/arch/z80/backend/__str.py,src/zxbc/zxbparser.py
boriel/zxbasic,src/zxbc/version.py,src/zxbc/zxbparser.py
boriel/zxbasic,src/zxbasm/zxbasm.py,src/zxbc/zxbparser.py
boriel/zxbasic,src/arch/z80/backend/__float.py,src/zxbc/zxbparser.py
boriel/zxbasic,src/zxbasm/memory.py,src/zxbc/zxbparser.py
boriel/zxbasic,src/arch/z80/backend/__32bit.py,src/zxbc/zxbparser.py
boriel/zxbasic,src/zxbasm/asmparse.py,src/zxbc/zxbparser.py
boriel/zxbasic,src/zxbasm/global_.py,src/zxbc/zxbparser.py
boriel/zxbasic,src/symbols/symbol_.py,src/arch/zx48k/__init__.py
boriel/zxbasic,src/api/decorator.py,src/arch/zx48k/__init__.py
boriel/zxbasic,src/ast/ast.py,src/arch/zx48k/__init__.py
boriel/zxbasic,src/ast/tree.py,src/arch/zx48k/__init__.py
boriel/zxbasic,src/symbols/type_.py,src/arch/zx48k/__init__.py
boriel/zxbasic,src/ast/tree.py,src/arch/zxnext/__init__.py
boriel/zxbasic,src/ast/ast.py,src/arch/zxnext/__init__.py
boriel/zxbasic,src/api/decorator.py,src/arch/zxnext/__init__.py
boriel/zxbasic,src/symbols/symbol_.py,src/arch/zxnext/__init__.py
boriel/zxbasic,src/symbols/type_.py,src/arch/zxnext/__init__.py
boriel/zxbasic,src/symbols/symbol_.py,src/arch/zx48k/translator.py
boriel/zxbasic,src/symbols/type_.py,src/arch/zx48k/translator.py
boriel/zxbasic,src/ast/tree.py,src/arch/zx48k/translator.py
boriel/zxbasic,src/api/decorator.py,src/arch/zx48k/translator.py
boriel/zxbasic,src/ast/ast.py,src/arch/zx48k/translator.py
boriel/zxbasic,src/zxbasm/version.py,src/arch/z80/backend/__f16.py
boriel/zxbasic,src/zxbc/version.py,src/arch/z80/backend/__f16.py
boriel/zxbasic,src/zxbasm/asmlex.py,src/arch/z80/backend/__f16.py
boriel/zxbasic,src/zxbasm/zxbasm.py,src/arch/z80/backend/__f16.py
boriel/zxbasic,src/zxbasm/asm.py,src/arch/z80/backend/__f16.py
boriel/zxbasic,src/arch/z80/backend/__8bit.py,src/arch/z80/backend/__f16.py
boriel/zxbasic,src/zxbasm/global_.py,src/arch/z80/backend/__f16.py
boriel/zxbasic,src/zxbasm/label.py,src/arch/z80/backend/__f16.py
boriel/zxbasic,src/arch/z80/backend/__str.py,src/arch/z80/backend/__f16.py
boriel/zxbasic,src/zxbasm/memory.py,src/arch/z80/backend/__f16.py
boriel/zxbasic,src/arch/z80/backend/__32bit.py,src/arch/z80/backend/__f16.py
boriel/zxbasic,src/arch/z80/backend/__float.py,src/arch/z80/backend/__f16.py
boriel/zxbasic,src/arch/z80/backend/__16bit.py,src/arch/z80/backend/__f16.py
boriel/zxbasic,src/arch/z80/translator.py,src/arch/z80/backend/__f16.py
boriel/zxbasic,src/zxbasm/asmparse.py,src/arch/z80/backend/__f16.py
boriel/zxbasic,src/arch/z80/peephole/engine.py,src/arch/z80/backend/__f16.py
pantsbuild/pex,pex/version.py,pex/common.py
pantsbuild/pex,pex/version.py,pex/bin/pex.py
pantsbuild/pex,pex/version.py,pex/resolver.py
pantsbuild/pex,pex/version.py,pex/pex_builder.py
pantsbuild/pex,pex/version.py,pex/pex_bootstrapper.py
postlund/pyatv,pyatv/protocols/mrp/__init__.py,pyatv/core/__init__.py
postlund/pyatv,pyatv/protocols/companion/__init__.py,pyatv/core/__init__.py
postlund/pyatv,pyatv/companion/protocol.py,pyatv/core/__init__.py
postlund/pyatv,pyatv/protocols/__init__.py,pyatv/core/__init__.py
postlund/pyatv,pyatv/airplay/auth/legacy.py,pyatv/core/__init__.py
postlund/pyatv,pyatv/auth/hap_pairing.py,pyatv/core/__init__.py
postlund/pyatv,pyatv/core/facade.py,pyatv/core/__init__.py
postlund/pyatv,pyatv/core/scan.py,pyatv/core/__init__.py
postlund/pyatv,pyatv/airplay/auth/__init__.py,pyatv/core/__init__.py
postlund/pyatv,pyatv/protocols/airplay/__init__.py,pyatv/core/__init__.py
postlund/pyatv,pyatv/raop/raop.py,pyatv/core/__init__.py
postlund/pyatv,setup.py,pyatv/dmap/__init__.py
postlund/pyatv,pyatv/mrp/pairing.py,pyatv/dmap/__init__.py
postlund/pyatv,pyatv/companion/protocol.py,pyatv/support/facade.py
postlund/pyatv,pyatv/protocols/mrp/__init__.py,pyatv/support/facade.py
postlund/pyatv,pyatv/protocols/companion/__init__.py,pyatv/support/facade.py
postlund/pyatv,pyatv/core/facade.py,pyatv/support/facade.py
postlund/pyatv,pyatv/airplay/auth/legacy.py,pyatv/support/facade.py
postlund/pyatv,pyatv/auth/hap_pairing.py,pyatv/support/facade.py
postlund/pyatv,pyatv/airplay/auth/__init__.py,pyatv/support/facade.py
postlund/pyatv,pyatv/protocols/airplay/__init__.py,pyatv/support/facade.py
postlund/pyatv,pyatv/core/scan.py,pyatv/support/facade.py
postlund/pyatv,pyatv/protocols/__init__.py,pyatv/support/facade.py
postlund/pyatv,pyatv/raop/raop.py,pyatv/support/facade.py
postlund/pyatv,pyatv/core/scan.py,pyatv/companion/__init__.py
postlund/pyatv,pyatv/protocols/__init__.py,pyatv/companion/__init__.py
postlund/pyatv,pyatv/airplay/auth/legacy.py,pyatv/companion/__init__.py
postlund/pyatv,pyatv/protocols/airplay/__init__.py,pyatv/companion/__init__.py
postlund/pyatv,pyatv/raop/raop.py,pyatv/companion/__init__.py
postlund/pyatv,pyatv/airplay/auth/__init__.py,pyatv/companion/__init__.py
postlund/pyatv,pyatv/protocols/companion/__init__.py,pyatv/companion/__init__.py
postlund/pyatv,pyatv/core/facade.py,pyatv/companion/__init__.py
postlund/pyatv,pyatv/auth/hap_pairing.py,pyatv/companion/__init__.py
postlund/pyatv,pyatv/protocols/mrp/__init__.py,pyatv/companion/__init__.py
postlund/pyatv,pyatv/companion/protocol.py,pyatv/companion/__init__.py
Akuli/porcupine,porcupine/textutils.py,porcupine/plugins/directory_tree.py
mikf/gallery-dl,gallery_dl/job.py,gallery_dl/extractor/twitter.py
shlomif/PySolFC,pysollib/gamedb.py,pysollib/games/pushpin.py
xumi1993/seispy,seispy/ccpprofile.py,seispy/scripts.py
Rapptz/RoboDanny,cogs/meta.py,cogs/stats.py
biorack/metatlas,metatlas/plots/dill2plots.py,metatlas/tools/fastanalysis.py
biorack/metatlas,metatlas/io/metatlas_get_data_helper_fun.py,metatlas/tools/fastanalysis.py
biorack/metatlas,noxfile.py,metatlas/datastructures/metatlas_dataset.py
bobintetley/asm3,src/asm3/service.py,src/asm3/dbupdate.py
bobintetley/asm3,src/asm3/person.py,src/asm3/dbupdate.py
bobintetley/asm3,src/asm3/html.py,src/asm3/dbupdate.py
bobintetley/asm3,src/asm3/configuration.py,src/asm3/dbupdate.py
bobintetley/asm3,src/asm3/dbms/base.py,src/asm3/dbupdate.py
kovidgoyal/kitty,kitty/constants.py,setup.py
kovidgoyal/kitty,kittens/tui/operations.py,kitty/tab_bar.py
marcelm/cutadapt,src/cutadapt/modifiers.py,src/cutadapt/adapters.py
marcelm/cutadapt,src/cutadapt/__main__.py,src/cutadapt/adapters.py
naschorr/hawking,modules/phrases/to_dict.py,code/core/commands/admin.py
naschorr/hawking,modules/phrases/phrases.py,code/core/commands/admin.py
naschorr/hawking,modules/phrases/models/phrase_encoding.py,code/core/commands/admin.py
naschorr/hawking,modules/phrases/models/phrase_group.py,code/core/commands/admin.py
naschorr/hawking,modules/phrases/models/phrase.py,code/core/commands/admin.py
GNOME/gnome-music,gnomemusic/artcache.py,gnomemusic/widgets/artstack.py
astropy/photutils,photutils/segmentation/catalog.py,photutils/detection/_utils.py
astropy/photutils,photutils/detection/starfinder.py,photutils/detection/_utils.py
astropy/photutils,photutils/detection/peakfinder.py,photutils/detection/_utils.py
astropy/photutils,photutils/detection/irafstarfinder.py,photutils/detection/_utils.py
bohdon/maya-pulse,src/pulse/scripts/pulse/actions/controls/anim_control_pulseaction.py,src/pulse/scripts/pulse/sym.py
bohdon/maya-pulse,src/pulse/scripts/pulse/actions/kinematics/ikfk_pulseaction.py,src/pulse/scripts/pulse/sym.py
bohdon/maya-pulse,src/pulse/scripts/pulse/actions/controls/anim_control_pulseaction.py,src/pulse/scripts/pulse/utilnodes.py
bohdon/maya-pulse,src/pulse/scripts/pulse/actions/kinematics/ikfk_pulseaction.py,src/pulse/scripts/pulse/utilnodes.py
fail2ban/fail2ban,fail2ban/server/filtersystemd.py,fail2ban/server/filterpyinotify.py
globus/globus-cli,src/globus_cli/services/transfer/__init__.py,src/globus_cli/services/gcs.py
globus/globus-cli,src/globus_cli/commands/login.py,src/globus_cli/services/gcs.py
globus/globus-cli,src/globus_cli/commands/login.py,src/globus_cli/commands/collection/delete.py
globus/globus-cli,src/globus_cli/services/transfer/__init__.py,src/globus_cli/commands/collection/delete.py
poldracklab/mriqc,mriqc/bin/mriqc_clf.py,mriqc/classifier/helper.py
poldracklab/mriqc,mriqc/data/csv/raters_merge.py,mriqc/classifier/helper.py
poldracklab/mriqc,mriqc/interfaces/webapi.py,mriqc/classifier/helper.py
poldracklab/mriqc,mriqc/viz/svg.py,mriqc/classifier/helper.py
poldracklab/mriqc,mriqc/__about__.py,mriqc/classifier/helper.py
poldracklab/mriqc,mriqc/classifier/sklearn/parameters.py,mriqc/classifier/helper.py
poldracklab/mriqc,mriqc/viz/utils.py,mriqc/classifier/helper.py
poldracklab/mriqc,mriqc/interfaces/transitional.py,mriqc/classifier/helper.py
poldracklab/mriqc,mriqc/viz/misc.py,mriqc/classifier/helper.py
poldracklab/mriqc,mriqc/bin/dfcheck.py,mriqc/workflows/anatomical.py
poldracklab/mriqc,mriqc/reports/group.py,mriqc/workflows/anatomical.py
poldracklab/mriqc,mriqc/interfaces/functional.py,mriqc/workflows/anatomical.py
poldracklab/mriqc,mriqc/workflows/utils.py,mriqc/workflows/anatomical.py
poldracklab/mriqc,mriqc/data/config.py,mriqc/workflows/anatomical.py
poldracklab/mriqc,mriqc/interfaces/anatomical.py,mriqc/workflows/anatomical.py
poldracklab/mriqc,mriqc/bin/fs2gif.py,mriqc/workflows/anatomical.py
poldracklab/mriqc,mriqc/reports/individual.py,mriqc/workflows/anatomical.py
poldracklab/mriqc,mriqc/classifier/data.py,mriqc/workflows/anatomical.py
poldracklab/mriqc,mriqc/bin/abide2bids.py,mriqc/workflows/anatomical.py
poldracklab/mriqc,mriqc/interfaces/viz.py,mriqc/workflows/anatomical.py
poldracklab/mriqc,mriqc/interfaces/bids.py,mriqc/workflows/anatomical.py
poldracklab/mriqc,mriqc/qc/anatomical.py,mriqc/workflows/anatomical.py
poldracklab/mriqc,mriqc/bin/subject_wrangler.py,mriqc/workflows/anatomical.py
poldracklab/mriqc,mriqc/interfaces/anatomical.py,mriqc/workflows/functional.py
poldracklab/mriqc,mriqc/bin/dfcheck.py,mriqc/workflows/functional.py
poldracklab/mriqc,mriqc/data/config.py,mriqc/workflows/functional.py
poldracklab/mriqc,mriqc/reports/group.py,mriqc/workflows/functional.py
poldracklab/mriqc,mriqc/classifier/data.py,mriqc/workflows/functional.py
poldracklab/mriqc,mriqc/interfaces/viz.py,mriqc/workflows/functional.py
poldracklab/mriqc,mriqc/qc/anatomical.py,mriqc/workflows/functional.py
poldracklab/mriqc,mriqc/interfaces/functional.py,mriqc/workflows/functional.py
poldracklab/mriqc,mriqc/reports/individual.py,mriqc/workflows/functional.py
poldracklab/mriqc,mriqc/workflows/utils.py,mriqc/workflows/functional.py
poldracklab/mriqc,mriqc/bin/subject_wrangler.py,mriqc/workflows/functional.py
poldracklab/mriqc,mriqc/bin/abide2bids.py,mriqc/workflows/functional.py
poldracklab/mriqc,mriqc/bin/fs2gif.py,mriqc/workflows/functional.py
poldracklab/mriqc,mriqc/interfaces/bids.py,mriqc/workflows/functional.py
poldracklab/mriqc,mriqc/__about__.py,mriqc/classifier/sklearn/cv_nested.py
poldracklab/mriqc,mriqc/interfaces/webapi.py,mriqc/classifier/sklearn/cv_nested.py
poldracklab/mriqc,mriqc/viz/svg.py,mriqc/classifier/sklearn/cv_nested.py
poldracklab/mriqc,mriqc/viz/misc.py,mriqc/classifier/sklearn/cv_nested.py
poldracklab/mriqc,mriqc/data/csv/raters_merge.py,mriqc/classifier/sklearn/cv_nested.py
poldracklab/mriqc,mriqc/classifier/sklearn/parameters.py,mriqc/classifier/sklearn/cv_nested.py
poldracklab/mriqc,mriqc/interfaces/transitional.py,mriqc/classifier/sklearn/cv_nested.py
poldracklab/mriqc,mriqc/viz/utils.py,mriqc/classifier/sklearn/cv_nested.py
poldracklab/mriqc,mriqc/bin/mriqc_clf.py,mriqc/classifier/sklearn/cv_nested.py
poldracklab/mriqc,mriqc/data/csv/raters_merge.py,mriqc/classifier/sklearn/_validation.py
poldracklab/mriqc,mriqc/viz/utils.py,mriqc/classifier/sklearn/_validation.py
poldracklab/mriqc,mriqc/classifier/sklearn/parameters.py,mriqc/classifier/sklearn/_validation.py
poldracklab/mriqc,mriqc/interfaces/transitional.py,mriqc/classifier/sklearn/_validation.py
poldracklab/mriqc,mriqc/viz/svg.py,mriqc/classifier/sklearn/_validation.py
poldracklab/mriqc,mriqc/__about__.py,mriqc/classifier/sklearn/_validation.py
poldracklab/mriqc,mriqc/viz/misc.py,mriqc/classifier/sklearn/_validation.py
poldracklab/mriqc,mriqc/interfaces/webapi.py,mriqc/classifier/sklearn/_validation.py
poldracklab/mriqc,mriqc/bin/mriqc_clf.py,mriqc/classifier/sklearn/_validation.py
poldracklab/mriqc,mriqc/__about__.py,mriqc/classifier/sklearn/preprocessing.py
poldracklab/mriqc,mriqc/classifier/sklearn/parameters.py,mriqc/classifier/sklearn/preprocessing.py
poldracklab/mriqc,mriqc/interfaces/transitional.py,mriqc/classifier/sklearn/preprocessing.py
poldracklab/mriqc,mriqc/interfaces/webapi.py,mriqc/classifier/sklearn/preprocessing.py
poldracklab/mriqc,mriqc/viz/misc.py,mriqc/classifier/sklearn/preprocessing.py
poldracklab/mriqc,mriqc/bin/mriqc_clf.py,mriqc/classifier/sklearn/preprocessing.py
poldracklab/mriqc,mriqc/viz/utils.py,mriqc/classifier/sklearn/preprocessing.py
poldracklab/mriqc,mriqc/data/csv/raters_merge.py,mriqc/classifier/sklearn/preprocessing.py
poldracklab/mriqc,mriqc/viz/svg.py,mriqc/classifier/sklearn/preprocessing.py
arsenetar/dupeguru,qt/app.py,qt/preferences_dialog.py
jhpyle/docassemble,docassemble_demo/docassemble/demo/__init__.py,docassemble_webapp/docassemble/webapp/server.py
jhpyle/docassemble,docassemble_demo/setup.py,docassemble_webapp/docassemble/webapp/server.py
jhpyle/docassemble,docassemble_base/docassemble/base/__init__.py,docassemble_webapp/docassemble/webapp/server.py
jhpyle/docassemble,docassemble_webapp/docassemble/webapp/__init__.py,docassemble_webapp/docassemble/webapp/server.py
Harmon758/Harmonbot,Discord/utilities/paginator.py,Discord/cogs/overwatch.py
Harmon758/Harmonbot,Discord/cogs/meta.py,Discord/cogs/overwatch.py
Harmon758/Harmonbot,Discord/cogs/misc.py,Discord/cogs/overwatch.py
Harmon758/Harmonbot,Discord/cogs/discord.py,Discord/cogs/overwatch.py
Harmon758/Harmonbot,Discord/utilities/paginator.py,Discord/cogs/runescape.py
Harmon758/Harmonbot,Discord/cogs/misc.py,Discord/cogs/runescape.py
Harmon758/Harmonbot,Discord/cogs/discord.py,Discord/cogs/runescape.py
Harmon758/Harmonbot,Discord/cogs/meta.py,Discord/cogs/runescape.py
Scille/parsec-cloud,parsec/core/cli/stats_organization.py,parsec/core/mountpoint/thread_fs_access.py
Scille/parsec-cloud,parsec/core/cli/stats_organization.py,parsec/core/mountpoint/winfsp_operations.py
liampauling/flumine,flumine/markets/blotter.py,flumine/baseflumine.py
liampauling/flumine,flumine/streams/streams.py,flumine/baseflumine.py
liampauling/flumine,flumine/markets/blotter.py,flumine/order/process.py
liampauling/flumine,flumine/streams/streams.py,flumine/order/process.py
liampauling/flumine,flumine/streams/streams.py,flumine/streams/historicalstream.py
liampauling/flumine,flumine/markets/blotter.py,flumine/streams/historicalstream.py
nansencenter/DAPPER,dapper/__init__.py,dapper/da_methods/extended.py
nansencenter/DAPPER,dapper/__init__.py,dapper/mods/Lorenz96/raanes2016.py
nansencenter/DAPPER,dapper/mods/LorenzIII/__init__.py,dapper/mods/Lorenz96/pinheiro2019.py
nansencenter/DAPPER,examples/basic_3b.py,dapper/mods/Lorenz96/pinheiro2019.py
python/pythondotorg,mailing/models.py,sponsors/views_admin.py
spectralDNS/shenfun,shenfun/chebyshev/la.py,shenfun/la.py
spectralDNS/shenfun,demo/neumann_poisson2D.py,shenfun/la.py
spectralDNS/shenfun,shenfun/optimization/__init__.py,shenfun/la.py
spectralDNS/shenfun,shenfun/legendre/matrices.py,shenfun/la.py
julien6387/supvisors,supvisors/ttypes.py,supvisors/address.py
julien6387/supvisors,supvisors/plugin.py,supvisors/address.py
julien6387/supvisors,supvisors/plugin.py,supvisors/listener.py
julien6387/supvisors,supvisors/ttypes.py,supvisors/listener.py
julien6387/supvisors,supvisors/ttypes.py,supvisors/mainloop.py
julien6387/supvisors,supvisors/plugin.py,supvisors/mainloop.py
julien6387/supvisors,supvisors/plugin.py,supvisors/viewhandler.py
julien6387/supvisors,supvisors/ttypes.py,supvisors/viewhandler.py
julien6387/supvisors,supvisors/ttypes.py,supvisors/statemachine.py
julien6387/supvisors,supvisors/plugin.py,supvisors/statemachine.py
p2pu/learning-circles,announce/management/commands/migrate_mailchimp_users.py,announce/views.py
p2pu/learning-circles,announce/mailchimp.py,announce/views.py
p2pu/learning-circles,custom_registration/views.py,announce/views.py
ssato/python-anyconfig,src/anyconfig/ioinfo/factory.py,src/anyconfig/cli/_main.py
ssato/python-anyconfig,src/anyconfig/ioinfo/factory.py,src/anyconfig/cli/actions.py
ssato/python-anyconfig,src/anyconfig/ioinfo/factory.py,src/anyconfig/ioinfo/__init__.py
GeotrekCE/Geotrek-admin,geotrek/tourism/models.py,geotrek/feedback/helpers.py
MikkelSchubert/paleomix,paleomix/pipelines/bam/pipeline.py,paleomix/pipelines/bam/makefile.py
MikkelSchubert/paleomix,paleomix/pipelines/bam/pipeline.py,paleomix/pipelines/ngs/pipeline.py
StellarCN/py-stellar-base,stellar_sdk/__version__.py,stellar_sdk/transaction_builder.py
healthchecks/healthchecks,hc/front/urls.py,hc/api/views.py
healthchecks/healthchecks,hc/front/urls.py,hc/accounts/views.py
materialsproject/MPContribs,mpcontribs-api/mpcontribs/api/projects/views.py,mpcontribs-api/mpcontribs/api/notebooks/views.py
artisan-roaster-scope/artisan,src/artisanlib/modbusport.py,src/plus/sync.py
artisan-roaster-scope/artisan,src/artisanlib/modbusport.py,src/plus/roast.py
artisan-roaster-scope/artisan,src/artisanlib/modbusport.py,src/plus/stock.py
artisan-roaster-scope/artisan,src/artisanlib/modbusport.py,src/plus/controller.py
artisan-roaster-scope/artisan,src/artisanlib/probat.py,src/artisanlib/acaia.py
artisan-roaster-scope/artisan,src/artisanlib/alarms.py,src/artisanlib/roast_properties.py
artisan-roaster-scope/artisan,src/artisanlib/large_lcds.py,src/artisanlib/roast_properties.py
carthage-college/django-djspace,djspace/core/models.py,djspace/dashboard/views.py
carthage-college/django-djspace,djspace/application/admin.py,djspace/dashboard/views.py
